N1,N2,Year,Style,Club,Competition,Picture,Icon,Color
STYLE_,1,0,STYLE_1=0,0x00000000,0x00000000,"""art_fm\lib\Ticket\00000000.tga""","""LOGO""",0xffffffff
STYLE_,2,0,STYLE_2=0,0x00000000,0x04010000,"""art_fm\lib\Ticket\04010000.tga""","""LOGO""",0xffffffff
STYLE_,3,0,STYLE_3=0,0x00000000,0x04010001,"""art_fm\lib\Ticket\04010000.tga""","""LOGO""",0xffffffff
STYLE_,4,0,STYLE_4=0,0x00000000,0x04030000,"""art_fm\lib\Ticket\04030000.tga""","""LOGO""",0xFF23363b
STYLE_,5,0,STYLE_5=0,0x00000000,0x0E010000,"""art_fm\lib\Ticket\0E010000.tga""","""LOGO""",0xffffffff
STYLE_,6,0,STYLE_6=0,0x00000000,0x0E010001,"""art_fm\lib\Ticket\0E010001.tga""","""LOGO""",0xffffffff
STYLE_,7,0,STYLE_7=0,0x00000000,0x0E010002,"""art_fm\lib\Ticket\0E010001.tga""","""LOGO""",0xffffffff
STYLE_,8,0,STYLE_8=0,0x00000000,0x0E010003,"""art_fm\lib\Ticket\0E010001.tga""","""LOGO""",0xffffffff
STYLE_,9,0,STYLE_9=0,0x00000000,0x0E010004,"""art_fm\lib\Ticket\0E010004.tga""","""LOGO""",0xffffffff
STYLE_,10,0,STYLE_10=0,0x00000000,0x0E010005,"""art_fm\lib\Ticket\0E010004.tga""","""LOGO""",0xffffffff
STYLE_,11,0,STYLE_11=0,0x00000000,0x0E010006,"""art_fm\lib\Ticket\0E010004.tga""","""LOGO""",0xffffffff
STYLE_,12,0,STYLE_12=0,0x00000000,0x0E030000,"""art_fm\lib\Ticket\0E030000.tga""","""LOGO""",0xffffffff
STYLE_,13,0,STYLE_13=0,0x00000000,0x0E040000,"""art_fm\lib\Ticket\0E040000.tga""","""LOGO""",0xffffffff
STYLE_,14,0,STYLE_14=0,0x00000000,0x0E040001,"""art_fm\lib\Ticket\0E010001.tga""","""LOGO""",0xFF23363b
STYLE_,15,0,STYLE_15=0,0x00000000,0x0E070000,"""art_fm\lib\Ticket\0E070000.tga""","""LOGO""",0xffffffff
STYLE_,16,0,STYLE_16=0,0x00000000,0x12010000,"""art_fm\lib\Ticket\12010000.tga""","""LOGO""",0xFF23363B
STYLE_,17,0,STYLE_17=0,0x00000000,0x12010001,"""art_fm\lib\Ticket\12010001.tga""","""LOGO""",0xFF23363B
STYLE_,18,0,STYLE_18=0,0x00000000,0x12040000,"""art_fm\lib\Ticket\12040000.tga""","""LOGO""",0xFF23363B
STYLE_,19,0,STYLE_19=0,0x00000000,0x12070000,"""art_fm\lib\Ticket\12070000.tga""","""LOGO""",0xFF23363B
STYLE_,20,0,STYLE_20=0,0x00000000,0x12030000,"""art_fm\lib\Ticket\12030000.tga""","""LOGO""",0xffffffff
STYLE_,21,0,STYLE_21=0,0x00000000,0x15010000,"""art_fm\lib\Ticket\15010000.tga""","""LOGO""",0xffffffff
STYLE_,22,0,STYLE_22=0,0x00000000,0x15010001,"""art_fm\lib\Ticket\15010000.tga""","""LOGO""",0xffffffff
STYLE_,23,0,STYLE_23=0,0x00000000,0x15010002,"""art_fm\lib\Ticket\15010002.tga""","""LOGO""",0xffffffff
STYLE_,24,0,STYLE_24=0,0x00000000,0x15010003,"""art_fm\lib\Ticket\15010002.tga""","""LOGO""",0xffffffff
STYLE_,25,0,STYLE_25=0,0x00000000,0x15010004,"""art_fm\lib\Ticket\15010002.tga""","""LOGO""",0xffffffff
STYLE_,26,0,STYLE_26=0,0x00000000,0x15010005,"""art_fm\lib\Ticket\15010002.tga""","""LOGO""",0xffffffff
STYLE_,27,0,STYLE_27=0,0x00000000,0x15010006,"""art_fm\lib\Ticket\15010002.tga""","""LOGO""",0xffffffff
STYLE_,28,0,STYLE_28=0,0x00000000,0x15010007,"""art_fm\lib\Ticket\15010002.tga""","""LOGO""",0xffffffff
STYLE_,29,0,STYLE_29=0,0x00000000,0x15010008,"""art_fm\lib\Ticket\15010002.tga""","""LOGO""",0xFF23363B
STYLE_,30,0,STYLE_30=0,0x00000000,0x15010009,"""art_fm\lib\Ticket\15010002.tga""","""LOGO""",0xffffffff
STYLE_,31,0,STYLE_31=0,0x00000000,0x1501000A,"""art_fm\lib\Ticket\15010002.tga""","""LOGO""",0xffffffff
STYLE_,32,0,STYLE_32=0,0x00000000,0x1501000B,"""art_fm\lib\Ticket\15010002.tga""","""LOGO""",0xffffffff
STYLE_,33,0,STYLE_33=0,0x00000000,0x1501000C,"""art_fm\lib\Ticket\15010002.tga""","""LOGO""",0xffffffff
STYLE_,34,0,STYLE_34=0,0x00000000,0x1501000D,"""art_fm\lib\Ticket\15010002.tga""","""LOGO""",0xffffffff
STYLE_,35,0,STYLE_35=0,0x00000000,0x1501000E,"""art_fm\lib\Ticket\15010002.tga""","""LOGO""",0xffffffff
STYLE_,36,0,STYLE_36=0,0x00000000,0x1501000F,"""art_fm\lib\Ticket\15010002.tga""","""LOGO""",0xffffffff
STYLE_,37,0,STYLE_37=0,0x00000000,0x15010010,"""art_fm\lib\Ticket\15010002.tga""","""LOGO""",0xffffffff
STYLE_,38,0,STYLE_38=0,0x00000000,0x15010011,"""art_fm\lib\Ticket\15010002.tga""","""LOGO""",0xffffffff
STYLE_,39,0,STYLE_39=0,0x00000000,0x15010012,"""art_fm\lib\Ticket\15010002.tga""","""LOGO""",0xffffffff
STYLE_,40,0,STYLE_40=0,0x00000000,0x15010013,"""art_fm\lib\Ticket\15010002.tga""","""LOGO""",0xFF23363B
STYLE_,41,0,STYLE_41=0,0x00000000,0x15010014,"""art_fm\lib\Ticket\15010002.tga""","""LOGO""",0xFF23363B
STYLE_,42,0,STYLE_42=0,0x00000000,0x15010015,"""art_fm\lib\Ticket\15010002.tga""","""LOGO""",0xFF23363B
STYLE_,43,0,STYLE_43=0,0x00000000,0x15030000,"""art_fm\lib\Ticket\15010002.tga""","""LOGO""",0xffffffff
STYLE_,44,0,STYLE_44=0,0x00000000,0x15070000,"""art_fm\lib\Ticket\15010000.tga""","""LOGO""",0xffffffff
STYLE_,45,0,STYLE_45=0,0x00000000,0x15080000,"""art_fm\lib\Ticket\15010000.tga""","""LOGO""",0xffffffff
STYLE_,46,0,STYLE_46=0,0x00000000,0x15080001,"""art_fm\lib\Ticket\15010000.tga""","""LOGO""",0xffffffff
STYLE_,47,0,STYLE_47=0,0x00000000,0x1B010000,"""art_fm\lib\Ticket\1B010000.tga""","""LOGO""",0xffffffff
STYLE_,48,0,STYLE_48=0,0x00000000,0x1B010001,"""art_fm\lib\Ticket\1B010001.tga""","""LOGO""",0xffffffff
STYLE_,49,0,STYLE_49=0,0x00000000,0x1B030000,"""art_fm\lib\Ticket\1B030000.tga""","""LOGO""",0xFF23363B
STYLE_,50,0,STYLE_50=0,0x00000000,0x1B070000,"""art_fm\lib\Ticket\1B030000.tga""","""LOGO""",0xFF23363B
STYLE_,51,0,STYLE_51=0,0x00000000,0x1B010002,"""art_fm\lib\Ticket\1B030000.tga""","""LOGO""",0xFF23363B
STYLE_,52,0,STYLE_52=0,0x00000000,0x1B010003,"""art_fm\lib\Ticket\1B030000.tga""","""LOGO""",0xFF23363B
STYLE_,53,0,STYLE_53=0,0x00000000,0x1B010004,"""art_fm\lib\Ticket\1B030000.tga""","""LOGO""",0xFF23363B
STYLE_,54,0,STYLE_54=0,0x00000000,0x1B010005,"""art_fm\lib\Ticket\1B030000.tga""","""LOGO""",0xFF23363B
STYLE_,55,0,STYLE_55=0,0x00000000,0x2D010000,"""art_fm\lib\Ticket\2D010000.tga""","""LOGO""",0xffffffff
STYLE_,56,0,STYLE_56=0,0x00000000,0x2D010001,"""art_fm\lib\Ticket\2D010000.tga""","""LOGO""",0xffffffff
STYLE_,57,0,STYLE_57=0,0x00000000,0x2D030000,"""art_fm\lib\Ticket\2D030000.tga""","""LOGO""",0xffffffff
STYLE_,58,0,STYLE_58=0,0x00000000,0x2D070000,"""art_fm\lib\Ticket\2D030000.tga""","""LOGO""",0xffffffff
STYLE_,59,0,STYLE_59=0,0x00000000,0x2F010000,"""art_fm\lib\Ticket\2F010000.tga""","""LOGO""",0xffffffff
STYLE_,60,0,STYLE_60=0,0x00000000,0x2F010001,"""art_fm\lib\Ticket\2F010001.tga""","""LOGO""",0xffffffff
STYLE_,61,0,STYLE_61=0,0x00000000,0x2F030000,"""art_fm\lib\Ticket\2F030000.tga""","""LOGO""",0xffffffff
STYLE_,62,0,STYLE_62=0,0x00000000,0xC3010000,"""art_fm\lib\Ticket\C3010000.tga""","""LOGO""",0xffffffff
STYLE_,63,0,STYLE_63=0,0x00000000,0x07010000,"""art_fm\lib\Ticket\07010000.tga""","""LOGO""",0xffffffff
STYLE_,64,0,STYLE_64=0,0x00000000,0x07030000,"""art_fm\lib\Ticket\07030000.tga""","""LOGO""",0xffffffff
STYLE_,65,0,STYLE_65=0,0x00000000,0x0D010000,"""art_fm\lib\Ticket\0D010000.tga""","""LOGO""",0xffffffff
STYLE_,66,0,STYLE_66=0,0x00000000,0x0E010001,"""art_fm\lib\Ticket\0E070000.tga""","""LOGO""",0xFF23363b
STYLE_,67,0,STYLE_67=0,0x00000000,0x0D030000,"""art_fm\lib\Ticket\0D030000.tga""","""LOGO""",0xffffffff
STYLE_,68,0,STYLE_68=0,0x00000000,0x53010000,"""art_fm\lib\Ticket\53010000.tga""","""LOGO""",0xffffffff
STYLE_,69,0,STYLE_69=0,0x00000000,0x22010000,"""art_fm\lib\Ticket\22010000.tga""","""LOGO""",0xffffffff
STYLE_,70,0,STYLE_70=0,0x00000000,0x22010000,"""art_fm\lib\Ticket\22010001.tga""","""LOGO""",0xffffffff
STYLE_,71,0,STYLE_71=0,0x00000000,0x22010000,"""art_fm\lib\Ticket\22010002.tga""","""LOGO""",0xFF23363B
STYLE_,72,0,STYLE_72=0,0x00000000,0x22010000,"""art_fm\lib\Ticket\22010002.tga""","""LOGO""",0xFF23363B
STYLE_,73,0,STYLE_73=0,0x00000000,0x22030000,"""art_fm\lib\Ticket\22030000.tga""","""LOGO""",0xffffffff
STYLE_,74,0,STYLE_74=0,0x00000000,0x22040000,"""art_fm\lib\Ticket\22040000.tga""","""LOGO""",0xffffffff
STYLE_,75,0,STYLE_75=0,0x00000000,0x26010000,"""art_fm\lib\Ticket\26010000.tga""","""LOGO""",0xffffffff
STYLE_,76,0,STYLE_76=0,0x00000000,0x26030001,"""art_fm\lib\Ticket\26030001.tga""","""LOGO""",0xFF23363B
STYLE_,77,0,STYLE_77=0,0x00000000,0x26070000,"""art_fm\lib\Ticket\26030000.tga""","""LOGO""",0xffffffff
STYLE_,78,0,STYLE_78=0,0x00000000,0x26040000,"""art_fm\lib\Ticket\26030000.tga""","""LOGO""",0xffffffff
STYLE_,79,0,STYLE_79=0,0x00000000,0x28010000,"""art_fm\lib\Ticket\28010000.tga""","""LOGO""",0xffffffff
STYLE_,80,0,STYLE_80=0,0x00000000,0x28010001,"""art_fm\lib\Ticket\28010001.tga""","""LOGO""",0xffffffff
STYLE_,81,0,STYLE_81=0,0x00000000,0x28030000,"""art_fm\lib\Ticket\28030000.tga""","""LOGO""",0xffffffff
STYLE_,82,0,STYLE_82=0,0x00000000,0x28010002,"""art_fm\lib\Ticket\28030000.tga""","""LOGO""",0xffffffff
STYLE_,83,0,STYLE_83=0,0x00000000,0x28010003,"""art_fm\lib\Ticket\28030000.tga""","""LOGO""",0xffffffff
STYLE_,84,0,STYLE_84=0,0x00000000,0x28010004,"""art_fm\lib\Ticket\28030000.tga""","""LOGO""",0xffffffff
STYLE_,85,0,STYLE_85=0,0x00000000,0x28010005,"""art_fm\lib\Ticket\28030000.tga""","""LOGO""",0xffffffff
STYLE_,86,0,STYLE_86=0,0x00000000,0x28010006,"""art_fm\lib\Ticket\28030000.tga""","""LOGO""",0xffffffff
STYLE_,87,0,STYLE_87=0,0x00000000,0x28070000,"""art_fm\lib\Ticket\28030000.tga""","""LOGO""",0xffffffff
STYLE_,88,0,STYLE_88=0,0x00000000,0x2A010000,"""art_fm\lib\Ticket\2A010000.tga""","""LOGO""",0xffffffff
STYLE_,89,0,STYLE_89=0,0x00000000,0x2A010001,"""art_fm\lib\Ticket\2A010000.tga""","""LOGO""",0xffffffff
STYLE_,90,0,STYLE_90=0,0x00000000,0x2A010002,"""art_fm\lib\Ticket\2A010000.tga""","""LOGO""",0xffffffff
STYLE_,91,0,STYLE_91=0,0x00000000,0x2A010003,"""art_fm\lib\Ticket\2A010000.tga""","""LOGO""",0xffffffff
STYLE_,92,0,STYLE_92=0,0x00000000,0x2A010004,"""art_fm\lib\Ticket\2A010000.tga""","""LOGO""",0xffffffff
STYLE_,93,0,STYLE_93=0,0x00000000,0x2A030000,"""art_fm\lib\Ticket\2A030000.tga""","""LOGO""",0xffffffff
STYLE_,94,0,STYLE_94=0,0x00000000,0x2A040000,"""art_fm\lib\Ticket\2A030000.tga""","""LOGO""",0xffffffff
STYLE_,95,0,STYLE_95=0,0x00000000,0x19010000,"""art_fm\lib\Ticket\19010000.tga""","""LOGO""",0xffffffff
STYLE_,96,0,STYLE_96=0,0x00000000,0x19010001,"""art_fm\lib\Ticket\19010001.tga""","""LOGO""",0xffffffff
STYLE_,97,0,STYLE_97=0,0x00000000,0x19030000,"""art_fm\lib\Ticket\19010001.tga""","""LOGO""",0xffffffff
STYLE_,98,0,STYLE_98=0,0x00000000,0x19040000,"""art_fm\lib\Ticket\19040000.tga""","""LOGO""",0xffffffff
STYLE_,99,0,STYLE_99=0,0x00000000,0x24010000,"""art_fm\lib\Ticket\24010000.tga""","""LOGO""",0xffffffff
STYLE_,100,0,STYLE_100=0,0x00000000,0x24030000,"""art_fm\lib\Ticket\24030000.tga""","""LOGO""",0xffffffff
STYLE_,101,0,STYLE_101=0,0x00000000,0x2E010000,"""art_fm\lib\Ticket\2E010000.tga""","""LOGO""",0xffffffff
STYLE_,102,0,STYLE_102=0,0x00000000,0x2E010000,"""art_fm\lib\Ticket\2E010001.tga""","""LOGO""",0xffffffff
STYLE_,103,0,STYLE_103=0,0x00000000,0x2E030000,"""art_fm\lib\Ticket\2E030000.tga""","""LOGO""",0xffffffff
STYLE_,104,0,STYLE_104=0,0x00000000,0x5F010000,"""art_fm\lib\Ticket\5F010000.tga""","""LOGO""",0xFF23363b
STYLE_,105,0,STYLE_105=0,0x00000000,0x5F030000,"""art_fm\lib\Ticket\5F030000.tga""","""LOGO""",0xffffffff
STYLE_,106,0,STYLE_106=0,0x00000000,0xB7010000,"""art_fm\lib\Ticket\B7010000.tga""","""LOGO""",0xffffffff
STYLE_,107,0,STYLE_107=0,0x00000000,0xB7030000,"""art_fm\lib\Ticket\B7030000.tga""","""LOGO""",0xffffffff
STYLE_,108,0,STYLE_108=0,0x00000000,0xB7040000,"""art_fm\lib\Ticket\B7030000.tga""","""LOGO""",0xffffffff
STYLE_,109,0,STYLE_109=0,0x00000000,0x31010000,"""art_fm\lib\Ticket\31010000.tga""","""LOGO""",0xffffffff
STYLE_,110,0,STYLE_110=0,0x00000000,0x14010000,"""art_fm\lib\Ticket\14010000.tga""","""LOGO""",0xffffffff
STYLE_,111,2019,STYLE_111=2019,0x00000000,0xF9090016,"""art_fm\lib\Ticket\F9090016_2019.tga""","""LOGO""",0xffffffff
STYLE_,112,0,STYLE_112=0,0x00000000,0xF9090016,"""art_fm\lib\Ticket\F9090016.tga""","""LOGO""",0xffffffff
STYLE_,113,0,STYLE_113=0,0x00000000,0xF909,"""art_fm\lib\Ticket\F9090000.tga""","""LOGO""",0xffffffff
STYLE_,114,2019,STYLE_114=2019,0x00000000,0xF90A0016,"""art_fm\lib\Ticket\F90A0016_2019.tga""","""LOGO""",0xffffffff
STYLE_,115,0,STYLE_115=0,0x00000000,0xF90A0016,"""art_fm\lib\Ticket\F90A0016.tga""","""LOGO""",0xffffffff
STYLE_,116,0,STYLE_116=0,0x00000000,0xF90A,"""art_fm\lib\Ticket\F90A0000.tga""","""LOGO""",0xffffffff
STYLE_,117,0,STYLE_117=0,0x00000000,0xF90C,"""art_fm\lib\Ticket\F90C0000.tga""","""LOGO""",0xffffffff
STYLE_,118,2018,STYLE_118=2018,0x00000000,0xF90D,"""art_fm\lib\Ticket\F90D0000_2018.tga""","""LOGO""",0xffffffff
STYLE_,119,0,STYLE_119=0,0x00000000,0xF90D,"""art_fm\lib\Ticket\FF110000.tga""","""LOGO""",0xffffffff
STYLE_,120,2019,STYLE_120=2019,0x00000000,0xFA090016,"""art_fm\lib\Ticket\FA090016_2019.tga""","""LOGO""",0xffffffff
STYLE_,121,0,STYLE_121=0,0x00000000,0xFA09,"""art_fm\lib\Ticket\FA090016.tga""","""LOGO""",0xffffffff
STYLE_,122,0,STYLE_122=0,0x00000000,0xFA0A,"""art_fm\lib\Ticket\FA0A0000.tga""","""LOGO""",0xffffffff
STYLE_,123,0,STYLE_123=0,0x00000000,0xFA0C,"""art_fm\lib\Ticket\FF210000.tga""","""LOGO""",0xffffffff
STYLE_,124,0,STYLE_124=0,0x00000000,0xFB09,"""art_fm\lib\Ticket\FB090000.tga""","""LOGO""",0xffffffff
STYLE_,125,0,STYLE_125=0,0x00000000,0xFC09,"""art_fm\lib\Ticket\FC090000.tga""","""LOGO""",0xffffffff
STYLE_,126,0,STYLE_126=0,0x00000000,0xFD09,"""art_fm\lib\Ticket\FD090000.tga""","""LOGO""",0xffffffff
STYLE_,127,0,STYLE_127=0,0x00000000,0xFD0A,"""art_fm\lib\Ticket\FD090000.tga""","""LOGO""",0xffffffff
STYLE_,128,0,STYLE_128=0,0x00000000,0xFE09,"""art_fm\lib\Ticket\FE090000.tga""","""LOGO""",0xffffffff
STYLE_,129,0,STYLE_129=0,0x00000000,0xFF12,"""art_fm\lib\Ticket\FF120000.tga""","""TROPHY""",0xffffffff
STYLE_,130,2020,STYLE_130=2020,0x00000000,0xFF12,"""art_fm\lib\Ticket\FF120000_2020.tga""","""LOGO""",0xffffffff
STYLE_,131,0,STYLE_131=0,0x00000000,0xFF10,"""art_fm\lib\Ticket\FF100000.tga""","""LOGO""",0xffffffff
STYLE_,132,0,STYLE_132=0,0x00000000,0xFF21,"""art_fm\lib\Ticket\FF210000.tga""","""TROPHY""",0xffffffff
STYLE_,133,2019,STYLE_133=2019,0x00000000,0xFF21,"""art_fm\lib\Ticket\FF210000_2019.tga""","""LOGO""",0xffffffff
STYLE_,134,0,STYLE_134=0,0x00000000,0xFF11,"""art_fm\lib\Ticket\FF110000.tga""","""TROPHY""",0xffffffff
STYLE_,135,2018,STYLE_135=2018,0x00000000,0xFF11,"""art_fm\lib\Ticket\ff110000_2018.tga""","""LOGO""",0xFF000000
STYLE_,136,0,STYLE_136=0,0x00000000,0xFF0F,"""art_fm\lib\Ticket\FF110000.tga""","""""",0xffffffff
STYLE_,137,0,STYLE_137=0,0x00000000,0xFF20,"""art_fm\lib\Ticket\FF110000.tga""","""TROPHY""",0xffffffff
STYLE_,138,0,STYLE_138=0,0x00150008,0x1501,"""art_fm\lib\Ticket\00150008.tga""","""LOGO""",0xffffffff
STYLE_,139,0,STYLE_139=0,0x0015000F,0x1501,"""art_fm\lib\Ticket\0015000F.tga""","""LOGO""",0xFF23363b
STYLE_,140,0,STYLE_140=0,0x00150006,0x1501,"""art_fm\lib\Ticket\00150006.tga""","""LOGO""",0xFF23363b
STYLE_,141,0,STYLE_141=0,0x0015000E,0x1501,"""art_fm\lib\Ticket\0015000E.tga""","""LOGO""",0xffffffff
STYLE_,142,0,STYLE_142=0,0x00150007,0x1501,"""art_fm\lib\Ticket\00150007.tga""","""LOGO""",0xffffffff
STYLE_,143,0,STYLE_143=0,0x0015000B,0x1501,"""art_fm\lib\Ticket\0015000B.tga""","""LOGO""",0xffffffff
STYLE_,144,0,STYLE_144=0,0x0015000C,0x1501,"""art_fm\lib\Ticket\0015000C.tga""","""LOGO""",0xffffffff
STYLE_,145,0,STYLE_145=0,0x001500B1,0x1501,"""art_fm\lib\Ticket\001500B1.tga""","""LOGO""",0xffffffff
STYLE_,146,0,STYLE_146=0,0x00150005,0x1501,"""art_fm\lib\Ticket\00150005.tga""","""LOGO""",0xffffffff
STYLE_,147,0,STYLE_147=0,0x00150003,0x1501,"""art_fm\lib\Ticket\00150003.tga""","""LOGO""",0xFF23363b
STYLE_,148,0,STYLE_148=0,0x00150002,0x1501,"""art_fm\lib\Ticket\00150002.tga""","""LOGO""",0xffffffff
STYLE_,149,0,STYLE_149=0,0x001500AF,0x1501,"""art_fm\lib\Ticket\001500AF.tga""","""LOGO""",0xFF23363b
STYLE_,150,0,STYLE_150=0,0x0015000A,0x1501,"""art_fm\lib\Ticket\0015000A.tga""","""LOGO""",0xffffffff
STYLE_,151,0,STYLE_151=0,0x00150010,0x1501,"""art_fm\lib\Ticket\00150010.tga""","""LOGO""",0xffffffff
STYLE_,152,0,STYLE_152=0,0x00150012,0x1501,"""art_fm\lib\Ticket\00150012.tga""","""LOGO""",0xffffffff
STYLE_,153,0,STYLE_153=0,0x001500AD,0x1501,"""art_fm\lib\Ticket\001500AD.tga""","""LOGO""",0xffffffff
STYLE_,154,0,STYLE_154=0,0x00150020,0x1501,"""art_fm\lib\Ticket\00150020.tga""","""LOGO""",0xFF23363b
STYLE_,155,0,STYLE_155=0,0x00150017,0x1501,"""art_fm\lib\Ticket\00150017.tga""","""LOGO""",0xffffffff
STYLE_,156,0,STYLE_156=0,0x0015000D,0x1501,"""art_fm\lib\Ticket\0015000D.tga""","""LOGO""",0xFF23363B
STYLE_,157,0,STYLE_157=0,0x00150013,0x1501,"""art_fm\lib\Ticket\00150013.tga""","""LOGO""",0xFF23363B
STYLE_,158,0,STYLE_158=0,0x00150001,0x1501,"""art_fm\lib\Ticket\00150001.tga""","""LOGO""",0xffffffff
STYLE_,159,0,STYLE_159=0,0x00150023,0x1501,"""art_fm\lib\Ticket\00150023.tga""","""LOGO""",0xffffffff
STYLE_,160,0,STYLE_160=0,0x001500A9,0x1501,"""art_fm\lib\Ticket\001500A9.tga""","""LOGO""",0xffffffff
STYLE_,161,0,STYLE_161=0,0x00150018,0x1501,"""art_fm\lib\Ticket\00150018.tga""","""LOGO""",0xFF23363B
STYLE_,162,0,STYLE_162=0,0x00150016,0x1501,"""art_fm\lib\Ticket\00150016.tga""","""LOGO""",0xFF23363B
STYLE_,163,0,STYLE_163=0,0x00150011,0x1501,"""art_fm\lib\Ticket\00150011.tga""","""LOGO""",0xffffffff
STYLE_,164,0,STYLE_164=0,0x0015001D,0x1501,"""art_fm\lib\Ticket\0015001D.tga""","""LOGO""",0xffffffff
STYLE_,165,0,STYLE_165=0,0x0015003B,0x1501,"""art_fm\lib\Ticket\0015003B.tga""","""LOGO""",0xFF23363B
STYLE_,166,0,STYLE_166=0,0x0015005C,0x1501,"""art_fm\lib\Ticket\0015005C.tga""","""LOGO""",0xFF23363B
STYLE_,167,0,STYLE_167=0,0x001500AA,0x1501,"""art_fm\lib\Ticket\001500AA.tga""","""LOGO""",0xFF23363B
STYLE_,168,0,STYLE_168=0,0x00150049,0x1501,"""art_fm\lib\Ticket\00150049.tga""","""LOGO""",0xffffffff
STYLE_,169,0,STYLE_169=0,0x00150015,0x1501,"""art_fm\lib\Ticket\00150015.tga""","""LOGO""",0xffffffff
STYLE_,170,0,STYLE_170=0,0x0015002A,0x1501,"""art_fm\lib\Ticket\0015002A.tga""","""LOGO""",0xFF23363B
STYLE_,171,0,STYLE_171=0,0x001500AE,0x1501,"""art_fm\lib\Ticket\001500AE.tga""","""LOGO""",0xFF23363B
STYLE_,172,0,STYLE_172=0,0x001500B4,0x1501,"""art_fm\lib\Ticket\001500B4.tga""","""LOGO""",0xFF23363B
STYLE_,173,0,STYLE_173=0,0x0015001B,0x1501,"""art_fm\lib\Ticket\0015001B.tga""","""LOGO""",0xFF23363B
STYLE_,174,0,STYLE_174=0,0x00150009,0x1501,"""art_fm\lib\Ticket\00150009.tga""","""LOGO""",0xffffffff
STYLE_,175,0,STYLE_175=0,0x001500A4,0x1501,"""art_fm\lib\Ticket\001500A4.tga""","""LOGO""",0xffffffff
STYLE_,176,0,STYLE_176=0,0x0015002E,0x1501,"""art_fm\lib\Ticket\0015002E.tga""","""LOGO""",0xffffffff
STYLE_,177,0,STYLE_177=0,0x001500B7,0x1501,"""art_fm\lib\Ticket\001500B7.tga""","""LOGO""",0xFF23363B
STYLE_,178,0,STYLE_178=0,0x001500B2,0x1501,"""art_fm\lib\Ticket\001500B2.tga""","""LOGO""",0xffffffff
STYLE_,179,0,STYLE_179=0,0x001500A3,0x1501,"""art_fm\lib\Ticket\001500A3.tga""","""LOGO""",0xFF23363B
STYLE_,180,0,STYLE_180=0,0x00150019,0x1501,"""art_fm\lib\Ticket\001500B7.tga""","""LOGO""",0xFF23363B
STYLE_,181,0,STYLE_181=0,0x00150022,0x1501,"""art_fm\lib\Ticket\00150022.tga""","""LOGO""",0xFF23363B
STYLE_,182,0,STYLE_182=0,0x00150004,0x1501,"""art_fm\lib\Ticket\00150004.tga""","""LOGO""",0xFF23363B
STYLE_,183,0,STYLE_183=0,0x0015001F,0x1501,"""art_fm\lib\Ticket\0015001F.tga""","""LOGO""",0xffffffff
STYLE_,184,0,STYLE_184=0,0x0015006E,0x1501,"""art_fm\lib\Ticket\0015006E.tga""","""LOGO""",0xFF23363B
STYLE_,185,0,STYLE_185=0,0x001500BA,0x1501,"""art_fm\lib\Ticket\001500BA.tga""","""LOGO""",0xffffffff
STYLE_,186,0,STYLE_186=0,0x001500A1,0x1501,"""art_fm\lib\Ticket\001500A1.tga""","""LOGO""",0xFF23363B
STYLE_,187,0,STYLE_187=0,0x0015005F,0x1501,"""art_fm\lib\Ticket\0015005F.tga""","""LOGO""",0xFF23363B
STYLE_,188,0,STYLE_188=0,0x00150024,0x1501,"""art_fm\lib\Ticket\00150024.tga""","""LOGO""",0xffffffff
STYLE_,189,0,STYLE_189=0,0x001500B6,0x1501,"""art_fm\lib\Ticket\001500B6.tga""","""LOGO""",0xffffffff
STYLE_,190,0,STYLE_190=0,0x0022000C,0x2201,"""art_fm\lib\Ticket\0022000C.tga""","""LOGO""",0xffffffff
STYLE_,191,0,STYLE_191=0,0x00220003,0x2201,"""art_fm\lib\Ticket\00220003.tga""","""LOGO""",0xFF23363B
STYLE_,192,0,STYLE_192=0,0x00220010,0x2201,"""art_fm\lib\Ticket\00220010.tga""","""LOGO""",0xffffffff
STYLE_,193,0,STYLE_193=0,0x00220002,0x2201,"""art_fm\lib\Ticket\00220002.tga""","""LOGO""",0xffffffff
STYLE_,194,0,STYLE_194=0,0x0022000A,0x2201,"""art_fm\lib\Ticket\0022000A.tga""","""LOGO""",0xFF23363B
STYLE_,195,0,STYLE_195=0,0x00220008,0x2201,"""art_fm\lib\Ticket\00220008.tga""","""LOGO""",0xffffffff
STYLE_,196,0,STYLE_196=0,0x00220009,0x2201,"""art_fm\lib\Ticket\00220009.tga""","""LOGO""",0xffffffff
STYLE_,197,0,STYLE_197=0,0x00220004,0x2201,"""art_fm\lib\Ticket\00220004.tga""","""LOGO""",0xFF23363B
STYLE_,198,0,STYLE_198=0,0x0022000B,0x2201,"""art_fm\lib\Ticket\0022000B.tga""","""LOGO""",0xffffffff
STYLE_,199,0,STYLE_199=0,0x0022000D,0x2201,"""art_fm\lib\Ticket\0022000D.tga""","""LOGO""",0xFF23363B
STYLE_,200,0,STYLE_200=0,0x00220005,0x2201,"""art_fm\lib\Ticket\00220005.tga""","""LOGO""",0xFF23363B
STYLE_,201,0,STYLE_201=0,0x00220019,0x2201,"""art_fm\lib\Ticket\00220019.tga""","""LOGO""",0xFF23363B
STYLE_,202,0,STYLE_202=0,0x00220001,0x2201,"""art_fm\lib\Ticket\00220001.tga""","""LOGO""",0xFF23363B
STYLE_,203,0,STYLE_203=0,0x00220022,0x2201,"""art_fm\lib\Ticket\00220022.tga""","""LOGO""",0xFF23363B
STYLE_,204,0,STYLE_204=0,0x00220024,0x2201,"""art_fm\lib\Ticket\00220024.tga""","""LOGO""",0xffffffff
STYLE_,205,0,STYLE_205=0,0x00220012,0x2201,"""art_fm\lib\Ticket\00220012.tga""","""LOGO""",0xFF23363B
STYLE_,206,0,STYLE_206=0,0x0022000F,0x2201,"""art_fm\lib\Ticket\0022000F.tga""","""LOGO""",0xFF23363B
STYLE_,207,0,STYLE_207=0,0x000E0009,0x0E01,"""art_fm\lib\Ticket\000E0009.tga""","""LOGO""",0xFF23363B
STYLE_,208,0,STYLE_208=0,0x000E000F,0x0E01,"""art_fm\lib\Ticket\000E000F.tga""","""LOGO""",0xFF23363B
STYLE_,209,0,STYLE_209=0,0x000E000E,0x0E01,"""art_fm\lib\Ticket\000E000E.tga""","""LOGO""",0xFF23363B
STYLE_,210,0,STYLE_210=0,0x000E0001,0x0E01,"""art_fm\lib\Ticket\000E0001.tga""","""LOGO""",0xFF23363B
STYLE_,211,0,STYLE_211=0,0x000E000A,0x0E01,"""art_fm\lib\Ticket\000E000A.tga""","""LOGO""",0xffffffff
STYLE_,212,0,STYLE_212=0,0x000E0005,0x0E01,"""art_fm\lib\Ticket\000E0005.tga""","""LOGO""",0xFF23363B
STYLE_,213,0,STYLE_213=0,0x000E000D,0x0E01,"""art_fm\lib\Ticket\000E000D.tga""","""LOGO""",0xFF23363B
STYLE_,214,0,STYLE_214=0,0x000E0013,0x0E01,"""art_fm\lib\Ticket\000E0013.tga""","""LOGO""",0xFF23363B
STYLE_,215,0,STYLE_215=0,0x000E0011,0x0E01,"""art_fm\lib\Ticket\000E0011.tga""","""LOGO""",0xFF23363B
STYLE_,216,0,STYLE_216=0,0x000E0002,0x0E01,"""art_fm\lib\Ticket\000E0002.tga""","""LOGO""",0xFF23363B
STYLE_,217,0,STYLE_217=0,0x000E0014,0x0E01,"""art_fm\lib\Ticket\000E0014.tga""","""LOGO""",0xffffffff
STYLE_,218,0,STYLE_218=0,0x000E0006,0x0E01,"""art_fm\lib\Ticket\000E0006.tga""","""LOGO""",0xFF23363B
STYLE_,219,0,STYLE_219=0,0x000E003D,0x0E01,"""art_fm\lib\Ticket\000E003D.tga""","""LOGO""",0xFF23363B
STYLE_,220,0,STYLE_220=0,0x000E0007,0x0E01,"""art_fm\lib\Ticket\000E0007.tga""","""LOGO""",0xFF23363B
STYLE_,221,0,STYLE_221=0,0x000E0021,0x0E01,"""art_fm\lib\Ticket\000E0021.tga""","""LOGO""",0xFF23363B
STYLE_,222,0,STYLE_222=0,0x000E0026,0x0E01,"""art_fm\lib\Ticket\000E0026.tga""","""LOGO""",0xffffffff
STYLE_,223,0,STYLE_223=0,0x000E0020,0x0E01,"""art_fm\lib\Ticket\000E0020.tga""","""LOGO""",0xFF23363B
STYLE_,224,0,STYLE_224=0,0x000E0004,0x0E01,"""art_fm\lib\Ticket\000E0004.tga""","""LOGO""",0xFF23363B
STYLE_,225,0,STYLE_225=0,0x000E002B,0x0E01,"""art_fm\lib\Ticket\000E002B.tga""","""LOGO""",0xFF23363B
STYLE_,226,0,STYLE_226=0,0x000E000B,0x0E01,"""art_fm\lib\Ticket\000E000B.tga""","""LOGO""",0xFF23363B
STYLE_,227,0,STYLE_227=0,0x000E0012,0x0E01,"""art_fm\lib\Ticket\000E0012.tga""","""LOGO""",0xffffffff
STYLE_,228,0,STYLE_228=0,0x000E0003,0x0E01,"""art_fm\lib\Ticket\000E0003.tga""","""LOGO""",0xffffffff
STYLE_,229,0,STYLE_229=0,0x000E002A,0x0E01,"""art_fm\lib\Ticket\000E002A.tga""","""LOGO""",0xffffffff
STYLE_,230,0,STYLE_230=0,0x000E0018,0x0E01,"""art_fm\lib\Ticket\000E0018.tga""","""LOGO""",0xffffffff
STYLE_,231,0,STYLE_231=0,0x000E003E,0x0E01,"""art_fm\lib\Ticket\000E003E.tga""","""LOGO""",0xffffffff
STYLE_,232,0,STYLE_232=0,0x000E0019,0x0E01,"""art_fm\lib\Ticket\000E0019.tga""","""LOGO""",0xFF23363B
STYLE_,233,0,STYLE_233=0,0x000E001C,0x0E01,"""art_fm\lib\Ticket\000E001C.tga""","""LOGO""",0xFF23363B
STYLE_,234,0,STYLE_234=0,0x000E0029,0x0E01,"""art_fm\lib\Ticket\000E0029.tga""","""LOGO""",0xffffffff
STYLE_,235,0,STYLE_235=0,0x000E0016,0x0E01,"""art_fm\lib\Ticket\000E0016.tga""","""LOGO""",0xffffffff
STYLE_,236,0,STYLE_236=0,0x000E001E,0x0E01,"""art_fm\lib\Ticket\000E001E.tga""","""LOGO""",0xFF23363B
STYLE_,237,0,STYLE_237=0,0x000E002C,0x0E01,"""art_fm\lib\Ticket\000E002C.tga""","""LOGO""",0xFF23363B
STYLE_,238,0,STYLE_238=0,0x000E0022,0x0E01,"""art_fm\lib\Ticket\000E0022.tga""","""LOGO""",0xFF23363B
STYLE_,239,0,STYLE_239=0,0x000E002D,0x0E01,"""art_fm\lib\Ticket\000E002D.tga""","""LOGO""",0xFF23363B
STYLE_,240,0,STYLE_240=0,0x000E001F,0x0E01,"""art_fm\lib\Ticket\000E001F.tga""","""LOGO""",0xFF23363B
STYLE_,241,0,STYLE_241=0,0x000E0033,0x0E01,"""art_fm\lib\Ticket\000E0033.tga""","""LOGO""",0xFF23363B
STYLE_,242,0,STYLE_242=0,0x000E0039,0x0E01,"""art_fm\lib\Ticket\000E0039.tga""","""LOGO""",0xFF23363B
STYLE_,243,0,STYLE_243=0,0x000E0034,0x0E01,"""art_fm\lib\Ticket\000E0034.tga""","""LOGO""",0xFF23363B
STYLE_,244,0,STYLE_244=0,0x000E0015,0x0E01,"""art_fm\lib\Ticket\000E0015.tga""","""LOGO""",0xFF23363B
STYLE_,245,0,STYLE_245=0,0x000E0017,0x0E01,"""art_fm\lib\Ticket\000E0017.tga""","""LOGO""",0xffffffff
STYLE_,246,0,STYLE_246=0,0x000E0008,0x0E01,"""art_fm\lib\Ticket\000E0008.tga""","""LOGO""",0xffffffff
STYLE_,247,0,STYLE_247=0,0x000E004B,0x0E01,"""art_fm\lib\Ticket\000E004B.tga""","""LOGO""",0xffffffff
STYLE_,248,0,STYLE_248=0,0x002D0004,0x2D01,"""art_fm\lib\Ticket\002D0004.tga""","""LOGO""",0xffffffff
STYLE_,249,0,STYLE_249=0,0x002D000E,0x2D01,"""art_fm\lib\Ticket\002D000E.tga""","""LOGO""",0xFF23363B
STYLE_,250,0,STYLE_250=0,0x002D0013,0x2D01,"""art_fm\lib\Ticket\002D0013.tga""","""LOGO""",0xFF23363B
STYLE_,251,0,STYLE_251=0,0x002D0002,0x2D01,"""art_fm\lib\Ticket\002D0002.tga""","""LOGO""",0xFF23363B
STYLE_,252,0,STYLE_252=0,0x002D0012,0x2D01,"""art_fm\lib\Ticket\002D0012.tga""","""LOGO""",0xFF23363B
STYLE_,253,0,STYLE_253=0,0x002D0001,0x2D01,"""art_fm\lib\Ticket\002D0001.tga""","""LOGO""",0xFF23363B
STYLE_,254,0,STYLE_254=0,0x002D0009,0x2D01,"""art_fm\lib\Ticket\002D0009.tga""","""LOGO""",0xFF23363B
STYLE_,255,0,STYLE_255=0,0x002D0006,0x2D01,"""art_fm\lib\Ticket\002D0006.tga""","""LOGO""",0xFF23363B
STYLE_,256,0,STYLE_256=0,0x002D0005,0x2D01,"""art_fm\lib\Ticket\002D0005.tga""","""LOGO""",0xFF23363B
STYLE_,257,0,STYLE_257=0,0x002D007D,0x2D01,"""art_fm\lib\Ticket\002D000F.tga""","""LOGO""",0xFF23363B
STYLE_,258,0,STYLE_258=0,0x002D000F,0x2D01,"""art_fm\lib\Ticket\002D000F.tga""","""LOGO""",0xFF23363B
STYLE_,259,0,STYLE_259=0,0x002D000C,0x2D01,"""art_fm\lib\Ticket\002D000C.tga""","""LOGO""",0xffffffff
STYLE_,260,0,STYLE_260=0,0x002D000D,0x2D01,"""art_fm\lib\Ticket\002D000D.tga""","""LOGO""",0xFF23363B
STYLE_,261,0,STYLE_261=0,0x002D0007,0x2D01,"""art_fm\lib\Ticket\002D0007.tga""","""LOGO""",0xffffffff
STYLE_,262,0,STYLE_262=0,0x002D000A,0x2D01,"""art_fm\lib\Ticket\002D000A.tga""","""LOGO""",0xffffffff
STYLE_,263,0,STYLE_263=0,0x002D0010,0x2D01,"""art_fm\lib\Ticket\002D0010.tga""","""LOGO""",0xffffffff
STYLE_,264,0,STYLE_264=0,0x002D0033,0x2D01,"""art_fm\lib\Ticket\002D0033.tga""","""LOGO""",0xffffffff
STYLE_,265,0,STYLE_265=0,0x002D0027,0x2D01,"""art_fm\lib\Ticket\002D0027.tga""","""LOGO""",0xFF23363B
STYLE_,266,0,STYLE_266=0,0x002D0014,0x2D01,"""art_fm\lib\Ticket\002D0014.tga""","""LOGO""",0xFF23363B
STYLE_,267,0,STYLE_267=0,0x002D001D,0x2D01,"""art_fm\lib\Ticket\002D001D.tga""","""LOGO""",0xFF23363B
STYLE_,268,0,STYLE_268=0,0x002D0016,0x2D01,"""art_fm\lib\Ticket\002D0016.tga""","""LOGO""",0xFF23363B
STYLE_,269,0,STYLE_269=0,0x002D001C,0x2D01,"""art_fm\lib\Ticket\002D001C.tga""","""LOGO""",0xFF23363B
STYLE_,270,0,STYLE_270=0,0x002D0011,0x2D01,"""art_fm\lib\Ticket\002D0011.tga""","""LOGO""",0xFF23363B
STYLE_,271,0,STYLE_271=0,0x002D0053,0x2D01,"""art_fm\lib\Ticket\002D0053.tga""","""LOGO""",0xffffffff
STYLE_,272,0,STYLE_272=0,0x002D0056,0x2D01,"""art_fm\lib\Ticket\002D0056.tga""","""LOGO""",0xffffffff
STYLE_,273,0,STYLE_273=0,0x002D0028,0x2D01,"""art_fm\lib\Ticket\002D0028.tga""","""LOGO""",0xffffffff
STYLE_,274,0,STYLE_274=0,0x002D0021,0x2D01,"""art_fm\lib\Ticket\002D0021.tga""","""LOGO""",0xffffffff
STYLE_,275,0,STYLE_275=0,0x002D0019,0x2D01,"""art_fm\lib\Ticket\002D0019.tga""","""LOGO""",0xFF23363B
STYLE_,276,0,STYLE_276=0,0x002D004F,0x2D01,"""art_fm\lib\Ticket\002D004F.tga""","""LOGO""",0xFF23363B
STYLE_,277,0,STYLE_277=0,0x002D0052,0x2D01,"""art_fm\lib\Ticket\002D0052.tga""","""LOGO""",0xFF23363B
STYLE_,278,0,STYLE_278=0,0x002D002D,0x2D01,"""art_fm\lib\Ticket\002D002D.tga""","""LOGO""",0xFF23363B
STYLE_,279,0,STYLE_279=0,0x002D000B,0x2D01,"""art_fm\lib\Ticket\002D000B.tga""","""LOGO""",0xffffffff
STYLE_,280,0,STYLE_280=0,0x002D001E,0x2D01,"""art_fm\lib\Ticket\002D001E.tga""","""LOGO""",0xFF23363B
STYLE_,281,0,STYLE_281=0,0x002D002B,0x2D01,"""art_fm\lib\Ticket\002D002B.tga""","""LOGO""",0xFF23363B
STYLE_,282,0,STYLE_282=0,0x002D0204,0x2D01,"""art_fm\lib\Ticket\002D0204.tga""","""LOGO""",0xffffffff
STYLE_,283,0,STYLE_283=0,0x002D0042,0x2D01,"""art_fm\lib\Ticket\002D0042.tga""","""LOGO""",0xFF23363B
STYLE_,284,0,STYLE_284=0,0x002D007C,0x2D01,"""art_fm\lib\Ticket\002D007C.tga""","""LOGO""",0xFF23363B
STYLE_,285,0,STYLE_285=0,0x002D0174,0x2D01,"""art_fm\lib\Ticket\002D0174.tga""","""LOGO""",0xFF23363B
STYLE_,286,0,STYLE_286=0,0x0012000F,0x1201,"""art_fm\lib\Ticket\0012000F.tga""","""LOGO""",0xFF23363B
STYLE_,287,0,STYLE_287=0,0x0012000E,0x1201,"""art_fm\lib\Ticket\0012000E.tga""","""LOGO""",0xFF23363B
STYLE_,288,0,STYLE_288=0,0x0012000D,0x1201,"""art_fm\lib\Ticket\0012000D.tga""","""LOGO""",0xffffffff
STYLE_,289,0,STYLE_289=0,0x00120011,0x1201,"""art_fm\lib\Ticket\00120011.tga""","""LOGO""",0xffffffff
STYLE_,290,0,STYLE_290=0,0x0012000F,0x1201,"""art_fm\lib\Ticket\0012000F.tga""","""LOGO""",0xFF23363B
STYLE_,291,0,STYLE_291=0,0x0012000A,0x1201,"""art_fm\lib\Ticket\0012000A.tga""","""LOGO""",0xFF23363B
STYLE_,292,0,STYLE_292=0,0x00120008,0x1201,"""art_fm\lib\Ticket\00120008.tga""","""LOGO""",0xffffffff
STYLE_,293,0,STYLE_293=0,0x00120004,0x1201,"""art_fm\lib\Ticket\00120004.tga""","""LOGO""",0xffffffff
STYLE_,294,0,STYLE_294=0,0x00120009,0x1201,"""art_fm\lib\Ticket\00120009.tga""","""LOGO""",0xffffffff
STYLE_,295,0,STYLE_295=0,0x00120019,0x1201,"""art_fm\lib\Ticket\00120019.tga""","""LOGO""",0xFF23363B
STYLE_,296,0,STYLE_296=0,0x00120029,0x1201,"""art_fm\lib\Ticket\00120029.tga""","""LOGO""",0xFF23363B
STYLE_,297,0,STYLE_297=0,0x00120012,0x1201,"""art_fm\lib\Ticket\00120012.tga""","""LOGO""",0xFF23363B
STYLE_,298,0,STYLE_298=0,0x00120025,0x1201,"""art_fm\lib\Ticket\00120025.tga""","""LOGO""",0xFF23363B
STYLE_,299,0,STYLE_299=0,0x001200DC,0x1201,"""art_fm\lib\Ticket\001200DC.tga""","""LOGO""",0xFF23363B
STYLE_,300,0,STYLE_300=0,0x00120018,0x1201,"""art_fm\lib\Ticket\00120018.tga""","""LOGO""",0xFF23363B
STYLE_,301,0,STYLE_301=0,0x00120003,0x1201,"""art_fm\lib\Ticket\00120003.tga""","""LOGO""",0xFF23363B
STYLE_,302,0,STYLE_302=0,0x00120005,0x1201,"""art_fm\lib\Ticket\00120005.tga""","""LOGO""",0xffffffff
STYLE_,303,0,STYLE_303=0,0x00120014,0x1201,"""art_fm\lib\Ticket\00120014.tga""","""LOGO""",0xffffffff
STYLE_,304,0,STYLE_304=0,0x00120026,0x1201,"""art_fm\lib\Ticket\00120026.tga""","""LOGO""",0xffffffff
STYLE_,305,0,STYLE_305=0,0x00120023,0x1201,"""art_fm\lib\Ticket\00120023.tga""","""LOGO""",0xFF23363B
STYLE_,306,0,STYLE_306=0,0x00120006,0x1201,"""art_fm\lib\Ticket\00120006.tga""","""LOGO""",0xFF23363B
STYLE_,307,0,STYLE_307=0,0x00120007,0x1201,"""art_fm\lib\Ticket\00120007.tga""","""LOGO""",0xFF23363B
STYLE_,308,0,STYLE_308=0,0x00120028,0x1201,"""art_fm\lib\Ticket\00120028.tga""","""LOGO""",0xffffffff
STYLE_,309,0,STYLE_309=0,0x0012000C,0x1201,"""art_fm\lib\Ticket\0012000C.tga""","""LOGO""",0xFF23363B
STYLE_,310,0,STYLE_310=0,0x00120002,0x1201,"""art_fm\lib\Ticket\00120002.tga""","""LOGO""",0xffffffff
STYLE_,311,0,STYLE_311=0,0x00120085,0x1201,"""art_fm\lib\Ticket\00120085.tga""","""LOGO""",0xffffffff
STYLE_,312,0,STYLE_312=0,0x00120010,0x1201,"""art_fm\lib\Ticket\00120010.tga""","""LOGO""",0xffffffff
STYLE_,313,0,STYLE_313=0,0x001200C5,0x1201,"""art_fm\lib\Ticket\001200C5.tga""","""LOGO""",0xFF23363B
STYLE_,314,0,STYLE_314=0,0x00120021,0x1201,"""art_fm\lib\Ticket\00120021.tga""","""LOGO""",0xFF23363B
STYLE_,315,0,STYLE_315=0,0x0012001A,0x1201,"""art_fm\lib\Ticket\0012001A.tga""","""LOGO""",0xffffffff
STYLE_,316,0,STYLE_316=0,0x00120086,0x1201,"""art_fm\lib\Ticket\00120086.tga""","""LOGO""",0xffffffff
STYLE_,317,0,STYLE_317=0,0x0012001E,0x1201,"""art_fm\lib\Ticket\0012001E.tga""","""LOGO""",0xffffffff
STYLE_,318,0,STYLE_318=0,0x001200C7,0x1201,"""art_fm\lib\Ticket\001200C7.tga""","""LOGO""",0xFF23363B
STYLE_,319,0,STYLE_319=0,0x00120027,0x1201,"""art_fm\lib\Ticket\00120027.tga""","""LOGO""",0xffffffff
STYLE_,320,0,STYLE_320=0,0x00120020,0x1201,"""art_fm\lib\Ticket\00120020.tga""","""LOGO""",0xffffffff
STYLE_,321,0,STYLE_321=0,0x001200C4,0x1201,"""art_fm\lib\Ticket\001200C4.tga""","""LOGO""",0xFF23363B
STYLE_,322,0,STYLE_322=0,0x00120022,0x1201,"""art_fm\lib\Ticket\00120022.tga""","""LOGO""",0xFF23363B
STYLE_,323,0,STYLE_323=0,0x001200CE,0x1201,"""art_fm\lib\Ticket\001200CE.tga""","""LOGO""",0xFF23363B
STYLE_,324,0,STYLE_324=0,0x001200E8,0x1201,"""art_fm\lib\Ticket\001200E8.tga""","""LOGO""",0xffffffff
STYLE_,325,0,STYLE_325=0,0x0012001C,0x1201,"""art_fm\lib\Ticket\0012001C.tga""","""LOGO""",0xffffffff
STYLE_,326,0,STYLE_326=0,0x001B000A,0x1B01,"""art_fm\lib\Ticket\001B000A.tga""","""LOGO""",0xFF23363B
STYLE_,327,0,STYLE_327=0,0x001B0009,0x1B01,"""art_fm\lib\Ticket\001B0009.tga""","""LOGO""",0xFF23363B
STYLE_,328,0,STYLE_328=0,0x001B0002,0x1B01,"""art_fm\lib\Ticket\001B0002.tga""","""LOGO""",0xFF23363B
STYLE_,329,0,STYLE_329=0,0x001B002D,0x1B01,"""art_fm\lib\Ticket\001B002D.tga""","""LOGO""",0xFF23363B
STYLE_,330,0,STYLE_330=0,0x001B0004,0x1B01,"""art_fm\lib\Ticket\001B0004.tga""","""LOGO""",0xffffffff
STYLE_,331,0,STYLE_331=0,0x001B000F,0x1B01,"""art_fm\lib\Ticket\001B000F.tga""","""LOGO""",0xFF23363B
STYLE_,332,0,STYLE_332=0,0x001B0010,0x1B01,"""art_fm\lib\Ticket\001B0010.tga""","""LOGO""",0xFF23363B
STYLE_,333,0,STYLE_333=0,0x001B0010,0x1B01,"""art_fm\lib\Ticket\001B0010.tga""","""LOGO""",0xFF23363B
STYLE_,334,0,STYLE_334=0,0x001B0026,0x1B01,"""art_fm\lib\Ticket\001B0026.tga""","""LOGO""",0xFF23363B
STYLE_,335,0,STYLE_335=0,0x001B0014,0x1B01,"""art_fm\lib\Ticket\001B0014.tga""","""LOGO""",0xFF23363B
STYLE_,336,0,STYLE_336=0,0x001B0003,0x1B01,"""art_fm\lib\Ticket\001B0003.tga""","""LOGO""",0xffffffff
STYLE_,337,0,STYLE_337=0,0x001B0005,0x1B01,"""art_fm\lib\Ticket\001B0005.tga""","""LOGO""",0xFF23363B
STYLE_,338,0,STYLE_338=0,0x001B0024,0x1B01,"""art_fm\lib\Ticket\001B0024.tga""","""LOGO""",0xffffffff
STYLE_,339,0,STYLE_339=0,0x001B0008,0x1B01,"""art_fm\lib\Ticket\001B0008.tga""","""LOGO""",0xffffffff
STYLE_,340,0,STYLE_340=0,0x001B0001,0x1B01,"""art_fm\lib\Ticket\001B0001.tga""","""LOGO""",0xFF23363B
STYLE_,341,0,STYLE_341=0,0x001B000E,0x1B01,"""art_fm\lib\Ticket\001B000E.tga""","""LOGO""",0xFF23363B
STYLE_,342,0,STYLE_342=0,0x001B000D,0x1B01,"""art_fm\lib\Ticket\001B000D.tga""","""LOGO""",0xffffffff
STYLE_,343,0,STYLE_343=0,0x001B0006,0x1B01,"""art_fm\lib\Ticket\001B0006.tga""","""LOGO""",0xFF23363B
STYLE_,344,0,STYLE_344=0,0x001B001B,0x1B01,"""art_fm\lib\Ticket\001B001B.tga""","""LOGO""",0xFF23363B
STYLE_,345,0,STYLE_345=0,0x001B001F,0x1B01,"""art_fm\lib\Ticket\001B001F.tga""","""LOGO""",0xFF23363B
STYLE_,346,0,STYLE_346=0,0x001B0018,0x1B01,"""art_fm\lib\Ticket\001B0018.tga""","""LOGO""",0xFF23363B
STYLE_,347,0,STYLE_347=0,0x001B000B,0x1B01,"""art_fm\lib\Ticket\001B000B.tga""","""LOGO""",0xffffffff
STYLE_,348,0,STYLE_348=0,0x001B003E,0x1B01,"""art_fm\lib\Ticket\001B003E.tga""","""LOGO""",0xffffffff
STYLE_,349,0,STYLE_349=0,0x001B0033,0x1B01,"""art_fm\lib\Ticket\001B0033.tga""","""LOGO""",0xFF23363B
STYLE_,350,0,STYLE_350=0,0x001B0067,0x1B01,"""art_fm\lib\Ticket\001B0067.tga""","""LOGO""",0xFF23363B
STYLE_,351,0,STYLE_351=0,0x001B0046,0x1B01,"""art_fm\lib\Ticket\001B0046.tga""","""LOGO""",0xFF23363B
STYLE_,352,0,STYLE_352=0,0x001B002A,0x1B01,"""art_fm\lib\Ticket\001B002A.tga""","""LOGO""",0xFF23363B
STYLE_,353,0,STYLE_353=0,0x001B0007,0x1B01,"""art_fm\lib\Ticket\001B0007.tga""","""LOGO""",0xFF23363B
STYLE_,354,0,STYLE_354=0,0x001B0017,0x1B01,"""art_fm\lib\Ticket\001B0017.tga""","""LOGO""",0xffffffff
STYLE_,355,0,STYLE_355=0,0x001B000C,0x1B01,"""art_fm\lib\Ticket\001B000C.tga""","""LOGO""",0xFF23363B
STYLE_,356,0,STYLE_356=0,0x001B003A,0x1B01,"""art_fm\lib\Ticket\001B003A.tga""","""LOGO""",0xFF23363B
STYLE_,357,0,STYLE_357=0,0x001B0019,0x1B01,"""art_fm\lib\Ticket\001B0019.tga""","""LOGO""",0xFF23363B
STYLE_,358,0,STYLE_358=0,0x001B004A,0x1B01,"""art_fm\lib\Ticket\001B004A.tga""","""LOGO""",0xFF23363B
STYLE_,359,0,STYLE_359=0,0x001B0021,0x1B01,"""art_fm\lib\Ticket\001B0021.tga""","""LOGO""",0xFF23363B
STYLE_,360,0,STYLE_360=0,0x001B0011,0x1B01,"""art_fm\lib\Ticket\001B0011.tga""","""LOGO""",0xFF23363B
STYLE_,361,0,STYLE_361=0,0x001B0027,0x1B01,"""art_fm\lib\Ticket\001B0027.tga""","""LOGO""",0xFF23363B
STYLE_,362,0,STYLE_362=0,0x001B0039,0x1B01,"""art_fm\lib\Ticket\001B0039.tga""","""LOGO""",0xFF23363B
STYLE_,363,0,STYLE_363=0,0x001B0020,0x1B01,"""art_fm\lib\Ticket\001B0020.tga""","""LOGO""",0xffffffff
STYLE_,364,0,STYLE_364=0,0x001B004B,0x1B01,"""art_fm\lib\Ticket\001B004B.tga""","""LOGO""",0xffffffff
STYLE_,365,0,STYLE_365=0,0x001B0053,0x1B01,"""art_fm\lib\Ticket\001B0053.tga""","""LOGO""",0xffffffff
STYLE_,366,0,STYLE_366=0,0x001B0007,0x1B01,"""art_fm\lib\Ticket\001B0007.tga""","""LOGO""",0xFF23363B
STYLE_,367,0,STYLE_367=0,0x0026000C,0x2601,"""art_fm\lib\Ticket\0026000C.tga""","""LOGO""",0xFF23363B
STYLE_,368,0,STYLE_368=0,0x00260004,0x2601,"""art_fm\lib\Ticket\00260004.tga""","""LOGO""",0xFF23363B
STYLE_,369,0,STYLE_369=0,0x0026000E,0x2601,"""art_fm\lib\Ticket\0026000E.tga""","""LOGO""",0xFF23363B
STYLE_,370,0,STYLE_370=0,0x00260006,0x2601,"""art_fm\lib\Ticket\00260006.tga""","""LOGO""",0xFF23363B
STYLE_,371,0,STYLE_371=0,0x00260008,0x2601,"""art_fm\lib\Ticket\00260008.tga""","""LOGO""",0xffffffff
STYLE_,372,0,STYLE_372=0,0x0026000A,0x2601,"""art_fm\lib\Ticket\0026000A.tga""","""LOGO""",0xffffffff
STYLE_,373,0,STYLE_373=0,0x0026001D,0x2601,"""art_fm\lib\Ticket\0026001D.tga""","""LOGO""",0xFF23363B
STYLE_,374,0,STYLE_374=0,0x00260018,0x2601,"""art_fm\lib\Ticket\00260018.tga""","""LOGO""",0xFF23363B
STYLE_,375,0,STYLE_375=0,0x0026000D,0x2601,"""art_fm\lib\Ticket\0026000D.tga""","""LOGO""",0xFF23363B
STYLE_,376,0,STYLE_376=0,0x00260001,0x2601,"""art_fm\lib\Ticket\00260001.tga""","""LOGO""",0xFF23363B
STYLE_,377,0,STYLE_377=0,0x00260011,0x2601,"""art_fm\lib\Ticket\00260011.tga""","""LOGO""",0xFF23363B
STYLE_,378,0,STYLE_378=0,0x00260012,0x2601,"""art_fm\lib\Ticket\00260012.tga""","""LOGO""",0xFF23363B
STYLE_,379,0,STYLE_379=0,0x00260007,0x2601,"""art_fm\lib\Ticket\00260007.tga""","""LOGO""",0xFF23363B
STYLE_,380,0,STYLE_380=0,0x00260002,0x2601,"""art_fm\lib\Ticket\00260002.tga""","""LOGO""",0xFF23363B
STYLE_,381,0,STYLE_381=0,0x00260023,0x2601,"""art_fm\lib\Ticket\00260023.tga""","""LOGO""",0xffffffff
STYLE_,382,0,STYLE_382=0,0x00260009,0x2601,"""art_fm\lib\Ticket\00260009.tga""","""LOGO""",0xFF23363B
STYLE_,383,0,STYLE_383=0,0x0028005A,0x2801,"""art_fm\lib\Ticket\0028005A.tga""","""LOGO""",0xFF23363B
STYLE_,384,0,STYLE_384=0,0x00280039,0x2801,"""art_fm\lib\Ticket\00280039.tga""","""LOGO""",0xFF23363B
STYLE_,385,0,STYLE_385=0,0x0028003E,0x2801,"""art_fm\lib\Ticket\0028003E.tga""","""LOGO""",0xFF23363B
STYLE_,386,0,STYLE_386=0,0x0028004C,0x2801,"""art_fm\lib\Ticket\0028004C.tga""","""LOGO""",0xFF23363B
STYLE_,387,0,STYLE_387=0,0x002800D8,0x2801,"""art_fm\lib\Ticket\002800D8.tga""","""LOGO""",0xffffffff
STYLE_,388,0,STYLE_388=0,0x00280041,0x2801,"""art_fm\lib\Ticket\00280041.tga""","""LOGO""",0xFF23363B
STYLE_,389,0,STYLE_389=0,0x00280056,0x2801,"""art_fm\lib\Ticket\00280056.tga""","""LOGO""",0xFF23363B
STYLE_,390,0,STYLE_390=0,0x00280044,0x2801,"""art_fm\lib\Ticket\00280044.tga""","""LOGO""",0xffffffff
STYLE_,391,0,STYLE_391=0,0x00280045,0x2801,"""art_fm\lib\Ticket\00280045.tga""","""LOGO""",0xFF23363B
STYLE_,392,0,STYLE_392=0,0x00280038,0x2801,"""art_fm\lib\Ticket\00280038.tga""","""LOGO""",0xffffffff
STYLE_,393,0,STYLE_393=0,0x0028005C,0x2801,"""art_fm\lib\Ticket\0028005C.tga""","""LOGO""",0xFF23363B
STYLE_,394,0,STYLE_394=0,0x002800F6,0x2801,"""art_fm\lib\Ticket\002800F6.tga""","""LOGO""",0xFF23363B
STYLE_,395,0,STYLE_395=0,0x0028004A,0x2801,"""art_fm\lib\Ticket\0028004A.tga""","""LOGO""",0xffffffff
STYLE_,396,0,STYLE_396=0,0x0028003C,0x2801,"""art_fm\lib\Ticket\0028003C.tga""","""LOGO""",0xffffffff
STYLE_,397,0,STYLE_397=0,0x00280046,0x2801,"""art_fm\lib\Ticket\00280046.tga""","""LOGO""",0xffffffff
STYLE_,398,0,STYLE_398=0,0x00280054,0x2801,"""art_fm\lib\Ticket\00280054.tga""","""LOGO""",0xffffffff
STYLE_,399,0,STYLE_399=0,0x00040006,0x0401,"""art_fm\lib\Ticket\00040006.tga""","""LOGO""",0xffffffff
STYLE_,400,0,STYLE_400=0,0x00040002,0x0401,"""art_fm\lib\Ticket\00040002.tga""","""LOGO""",0xffffffff
STYLE_,401,0,STYLE_401=0,0x00040009,0x0401,"""art_fm\lib\Ticket\00040009.tga""","""LOGO""",0xFF23363B
STYLE_,402,0,STYLE_402=0,0x0004000B,0x0401,"""art_fm\lib\Ticket\0004000B.tga""","""LOGO""",0xffffffff
STYLE_,403,0,STYLE_403=0,0x00040053,0x0401,"""art_fm\lib\Ticket\00040053.tga""","""LOGO""",0xFF23363B
STYLE_,404,0,STYLE_404=0,0x00040004,0x0401,"""art_fm\lib\Ticket\00040004.tga""","""LOGO""",0xFF23363B
STYLE_,405,0,STYLE_405=0,0x00040007,0x0401,"""art_fm\lib\Ticket\00040007.tga""","""LOGO""",0xffffffff
STYLE_,406,0,STYLE_406=0,0x00040031,0x0401,"""art_fm\lib\Ticket\00040031.tga""","""LOGO""",0xffffffff
STYLE_,407,0,STYLE_407=0,0x0004000C,0x0401,"""art_fm\lib\Ticket\0004000C.tga""","""LOGO""",0xFF23363B
STYLE_,408,0,STYLE_408=0,0x00040011,0x0401,"""art_fm\lib\Ticket\00040011.tga""","""LOGO""",0xFF23363B
STYLE_,409,0,STYLE_409=0,0x00040021,0x0401,"""art_fm\lib\Ticket\00040021.tga""","""LOGO""",0xFF23363B
STYLE_,410,0,STYLE_410=0,0x0004003A,0x0401,"""art_fm\lib\Ticket\0004003A.tga""","""LOGO""",0xFF23363B
STYLE_,411,0,STYLE_411=0,0x00040023,0x0401,"""art_fm\lib\Ticket\00040023.tga""","""LOGO""",0xffffffff
STYLE_,412,0,STYLE_412=0,0x00040015,0x0401,"""art_fm\lib\Ticket\00040015.tga""","""LOGO""",0xffffffff
STYLE_,413,0,STYLE_413=0,0x0004001C,0x0401,"""art_fm\lib\Ticket\0004001C.tga""","""LOGO""",0xFF23363B
STYLE_,414,0,STYLE_414=0,0x00040019,0x0401,"""art_fm\lib\Ticket\00040019.tga""","""LOGO""",0xFF23363B
STYLE_,415,0,STYLE_415=0,0x0004004B,0x0401,"""art_fm\lib\Ticket\0004004B.tga""","""LOGO""",0xFF23363B
STYLE_,416,0,STYLE_416=0,0x002F0003,0x2F01,"""art_fm\lib\Ticket\002F0003.tga""","""LOGO""",0xFF23363B
STYLE_,417,0,STYLE_417=0,0x002F001A,0x2F01,"""art_fm\lib\Ticket\002F001A.tga""","""LOGO""",0xFF23363B
STYLE_,418,0,STYLE_418=0,0x002F0006,0x2F01,"""art_fm\lib\Ticket\002F0006.tga""","""LOGO""",0xFF23363B
STYLE_,419,0,STYLE_419=0,0x002F000F,0x2F01,"""art_fm\lib\Ticket\002F000F.tga""","""LOGO""",0xFF23363B
STYLE_,420,0,STYLE_420=0,0x002F0007,0x2F01,"""art_fm\lib\Ticket\002F0007.tga""","""LOGO""",0xFF23363B
STYLE_,421,0,STYLE_421=0,0x002F0004,0x2F01,"""art_fm\lib\Ticket\002F0004.tga""","""LOGO""",0xFF23363B
STYLE_,422,0,STYLE_422=0,0x002F0005,0x2F01,"""art_fm\lib\Ticket\002F0005.tga""","""LOGO""",0xffffffff
STYLE_,423,0,STYLE_423=0,0x002F0025,0x2F01,"""art_fm\lib\Ticket\002F0025.tga""","""LOGO""",0xffffffff
STYLE_,424,0,STYLE_424=0,0x002F0001,0x2F01,"""art_fm\lib\Ticket\002F0001.tga""","""LOGO""",0xFF23363B
STYLE_,425,0,STYLE_425=0,0x002F000A,0x2F01,"""art_fm\lib\Ticket\002F000A.tga""","""LOGO""",0xFF23363B
STYLE_,426,0,STYLE_426=0,0x002F000C,0x2F01,"""art_fm\lib\Ticket\002F000C.tga""","""LOGO""",0xffffffff
STYLE_,427,0,STYLE_427=0,0x002F0012,0x2F01,"""art_fm\lib\Ticket\002F0012.tga""","""LOGO""",0xFF23363B
STYLE_,428,0,STYLE_428=0,0x002F0002,0x2F01,"""art_fm\lib\Ticket\002F0002.tga""","""LOGO""",0xFF23363B
STYLE_,429,0,STYLE_429=0,0x002F0013,0x2F01,"""art_fm\lib\Ticket\002F0013.tga""","""LOGO""",0xFF23363B
STYLE_,430,0,STYLE_430=0,0x002F0014,0x2F01,"""art_fm\lib\Ticket\002F0014.tga""","""LOGO""",0xFF23363B
STYLE_,431,0,STYLE_431=0,0x002F002E,0x2F01,"""art_fm\lib\Ticket\002F002E.tga""","""LOGO""",0xFF23363B
STYLE_,432,0,STYLE_432=0,0x002F0010,0x2F01,"""art_fm\lib\Ticket\002F0010.tga""","""LOGO""",0xFF23363B
STYLE_,433,0,STYLE_433=0,0x002F000D,0x2F01,"""art_fm\lib\Ticket\002F000D.tga""","""LOGO""",0xFF23363B
STYLE_,434,0,STYLE_434=0,0x002F0024,0x2F01,"""art_fm\lib\Ticket\002F0024.tga""","""LOGO""",0xFF23363B
STYLE_,435,0,STYLE_435=0,0x0004000A,0x0401,"""art_fm\lib\Ticket\0004000B.tga""","""LOGO""",0xFF23363B
STYLE_,436,0,STYLE_436=0,0x00040008,0x0401,"""art_fm\lib\Ticket\0004000B.tga""","""LOGO""",0xffffffff
STYLE_,437,0,STYLE_437=0,0x00040010,0x0401,"""art_fm\lib\Ticket\0004000B.tga""","""LOGO""",0xFF23363B
STYLE_,438,0,STYLE_438=0,0x000E0025,0x0E01,"""art_fm\lib\Ticket\000E0025.tga""","""LOGO""",0xFF23363B
STYLE_,439,0,STYLE_439=0,0x000E000C,0x0E01,"""art_fm\lib\Ticket\000E000C.tga""","""LOGO""",0xFF23363B
STYLE_,440,0,STYLE_440=0,0x000E0028,0x0E01,"""art_fm\lib\Ticket\000E0028.tga""","""LOGO""",0xFF23363B
STYLE_,441,0,STYLE_441=0,0x000E001F,0x0E01,"""art_fm\lib\Ticket\000E001F.tga""","""LOGO""",0xFF23363B
STYLE_,442,0,STYLE_442=0,0x000E0014,0x0E01,"""art_fm\lib\Ticket\000E0014.tga""","""LOGO""",0xffffffff
STYLE_,443,0,STYLE_443=0,0x00150014,0x1501,"""art_fm\lib\Ticket\00150014.tga""","""LOGO""",0xFF23363B
STYLE_,444,0,STYLE_444=0,0x001500A5,0x1501,"""art_fm\lib\Ticket\001500A5.tga""","""LOGO""",0xFF23363B
STYLE_,445,0,STYLE_445=0,0x002D0008,0x2D01,"""art_fm\lib\Ticket\002D0008.tga""","""LOGO""",0xFF23363B
STYLE_,446,0,STYLE_446=0,0x002D0022,0x2D01,"""art_fm\lib\Ticket\002D0022.tga""","""LOGO""",0xFF23363B
STYLE_,447,0,STYLE_447=0,0x00220011,0x2201,"""art_fm\lib\Ticket\00220011.tga""","""LOGO""",0xFF23363B
